{"eval_loss": 0.3702266216278076, "eval_model_preparation_time": 0.0018, "eval_accuracy": 0.8975818157196045, "eval_runtime": 4.8573, "eval_samples_per_second": 2026.237, "eval_steps_per_second": 253.434}