{"eval_loss": 6.0078020095825195, "eval_model_preparation_time": 0.0022, "eval_accuracy": 0.3583621084690094, "eval_runtime": 4.9243, "eval_samples_per_second": 1998.678, "eval_steps_per_second": 249.987}