{"eval_loss": 0.38236361742019653, "eval_model_preparation_time": 0.0008, "eval_accuracy": 0.8925015330314636, "eval_runtime": 15.009, "eval_samples_per_second": 655.742, "eval_steps_per_second": 82.018}