{"eval_exact_match": 78.36329233680227, "eval_f1": 86.1241904455003}