{"eval_exact_match": 78.64711447492904, "eval_f1": 86.43948452135896}