{"eval_loss": 0.38359859585762024, "eval_model_preparation_time": 0.0039, "eval_accuracy": 0.8939239978790283, "eval_runtime": 4.9849, "eval_samples_per_second": 1974.38, "eval_steps_per_second": 246.948}