{"eval_exact_match": 78.1456953642384, "eval_f1": 86.05692948300847}