{"eval_loss": 0.4414437711238861, "eval_model_preparation_time": 0.0019, "eval_accuracy": 0.8817600607872009, "eval_runtime": 50.4192, "eval_samples_per_second": 2044.598, "eval_steps_per_second": 255.577}