{"eval_loss": 0.38629400730133057, "eval_model_preparation_time": 0.0023, "eval_accuracy": 0.8934159874916077, "eval_runtime": 12.6029, "eval_samples_per_second": 780.932, "eval_steps_per_second": 97.676}