{"eval_loss": 0.763317346572876, "eval_model_preparation_time": 0.002, "eval_accuracy": 0.8223927617073059, "eval_runtime": 50.2591, "eval_samples_per_second": 2051.111, "eval_steps_per_second": 256.391}