{"eval_loss": 0.38359859585762024, "eval_model_preparation_time": 0.0018, "eval_accuracy": 0.8939239978790283, "eval_runtime": 5.0611, "eval_samples_per_second": 1944.652, "eval_steps_per_second": 243.23}