{"eval_loss": 0.408204048871994, "eval_model_preparation_time": 0.0034, "eval_accuracy": 0.8875318765640259, "eval_runtime": 49.9163, "eval_samples_per_second": 2065.199, "eval_steps_per_second": 258.152}